,raw_log,remote_addr,time_local,request_type,request_path,status,body_bytes_sent,http_referer,http_user_agent,created
0,"22.30.192.236 - - [08/Aug/2020:22:02:29 +0000] ""POST /blog HTTP/1.1"" 200 34 ""https://stewart-fisher.biz/tags/register/"" ""Mozilla/5.0 (compatible; MSIE 9.0; Windows NT 5.1; Trident/3.1)""",22.30.192.236,[08/Aug/2020:22:02:29 +0000],"""POST",/blog,200,34,"""https://stewart-fisher.biz/tags/register/""","""Mozilla/5.0 (compatible; MSIE 9.0; Windows NT 5.1; Trident/3.1)""",2020-08-08T22:08:53
1,"220.159.241.116 - - [08/Aug/2020:22:02:33 +0000] ""GET /blog HTTP/1.1"" 404 167 ""https://www.sanchez.org/tag/faq.php"" ""Mozilla/5.0 (Windows 95; en-US; rv:1.9.0.20) Gecko/2014-11-12 09:16:43 Firefox/3.8""",220.159.241.116,[08/Aug/2020:22:02:33 +0000],"""GET",/blog,404,167,"""https://www.sanchez.org/tag/faq.php""","""Mozilla/5.0 (Windows 95; en-US; rv:1.9.0.20) Gecko/2014-11-12 09:16:43 Firefox/3.8""",2020-08-08T22:08:53
2,"158.51.49.65 - - [08/Aug/2020:22:02:37 +0000] ""GET /categories/blog/posts HTTP/1.1"" 404 931 ""https://baker.org/explore/homepage.jsp"" ""Mozilla/5.0 (iPod; U; CPU iPhone OS 4_3 like Mac OS X; en-US) AppleWebKit/533.29.6 (KHTML, like Gecko) Version/4.0.5 Mobile/8B114 Safari/6533.29.6""",158.51.49.65,[08/Aug/2020:22:02:37 +0000],"""GET",/categories/blog/posts,404,931,"""https://baker.org/explore/homepage.jsp""","""Mozilla/5.0 (iPod; U; CPU iPhone OS 4_3 like Mac OS X; en-US) AppleWebKit/533.29.6 (KHTML, like Gecko) Version/4.0.5 Mobile/8B114 Safari/6533.29.6""",2020-08-08T22:08:53
3,"166.154.174.18 - - [08/Aug/2020:22:02:42 +0000] ""POST /blog HTTP/1.1"" 401 488 ""http://www.robles-garrett.com/"" ""Mozilla/5.0 (Windows; U; Windows NT 5.0) AppleWebKit/534.21.7 (KHTML, like Gecko) Version/4.1 Safari/534.21.7""",166.154.174.18,[08/Aug/2020:22:02:42 +0000],"""POST",/blog,401,488,"""http://www.robles-garrett.com/""","""Mozilla/5.0 (Windows; U; Windows NT 5.0) AppleWebKit/534.21.7 (KHTML, like Gecko) Version/4.1 Safari/534.21.7""",2020-08-08T22:08:53
4,"47.76.132.162 - - [08/Aug/2020:22:02:44 +0000] ""PUT /blog/tags/wp-content HTTP/1.1"" 401 126 ""http://www.avila.com/faq.php"" ""Mozilla/5.0 (Macintosh; U; PPC Mac OS X 10_7_4) AppleWebKit/5350 (KHTML, like Gecko) Chrome/13.0.827.0 Safari/5350""",47.76.132.162,[08/Aug/2020:22:02:44 +0000],"""PUT",/blog/tags/wp-content,401,126,"""http://www.avila.com/faq.php""","""Mozilla/5.0 (Macintosh; U; PPC Mac OS X 10_7_4) AppleWebKit/5350 (KHTML, like Gecko) Chrome/13.0.827.0 Safari/5350""",2020-08-08T22:08:53
5,"205.14.217.14 - - [08/Aug/2020:22:02:48 +0000] ""PUT /category HTTP/1.1"" 401 733 ""http://jones-taylor.com/main/search/"" ""Mozilla/5.0 (X11; Linux i686) AppleWebKit/5350 (KHTML, like Gecko) Chrome/14.0.870.0 Safari/5350""",205.14.217.14,[08/Aug/2020:22:02:48 +0000],"""PUT",/category,401,733,"""http://jones-taylor.com/main/search/""","""Mozilla/5.0 (X11; Linux i686) AppleWebKit/5350 (KHTML, like Gecko) Chrome/14.0.870.0 Safari/5350""",2020-08-08T22:08:53
6,"227.107.61.41 - - [08/Aug/2020:22:02:52 +0000] ""POST /tag/categories HTTP/1.1"" 401 119 ""http://figueroa-moore.biz/"" ""Mozilla/5.0 (Windows; U; Windows 98) AppleWebKit/532.14.3 (KHTML, like Gecko) Version/5.0.2 Safari/532.14.3""",227.107.61.41,[08/Aug/2020:22:02:52 +0000],"""POST",/tag/categories,401,119,"""http://figueroa-moore.biz/""","""Mozilla/5.0 (Windows; U; Windows 98) AppleWebKit/532.14.3 (KHTML, like Gecko) Version/5.0.2 Safari/532.14.3""",2020-08-08T22:08:53
7,"115.138.133.163 - - [08/Aug/2020:22:02:55 +0000] ""POST /main/list/blog HTTP/1.1"" 200 429 ""http://patterson.com/homepage.html"" ""Mozilla/5.0 (iPod; U; CPU iPhone OS 4_0 like Mac OS X; it-IT) AppleWebKit/532.44.5 (KHTML, like Gecko) Version/3.0.5 Mobile/8B113 Safari/6532.44.5""",115.138.133.163,[08/Aug/2020:22:02:55 +0000],"""POST",/main/list/blog,200,429,"""http://patterson.com/homepage.html""","""Mozilla/5.0 (iPod; U; CPU iPhone OS 4_0 like Mac OS X; it-IT) AppleWebKit/532.44.5 (KHTML, like Gecko) Version/3.0.5 Mobile/8B113 Safari/6532.44.5""",2020-08-08T22:08:53
8,"139.42.58.217 - - [08/Aug/2020:22:02:57 +0000] ""GET /categories/categories/main HTTP/1.1"" 404 338 ""https://www.dixon.com/faq.htm"" ""Opera/9.46.(X11; Linux i686; en-US) Presto/2.9.173 Version/12.00""",139.42.58.217,[08/Aug/2020:22:02:57 +0000],"""GET",/categories/categories/main,404,338,"""https://www.dixon.com/faq.htm""","""Opera/9.46.(X11; Linux i686; en-US) Presto/2.9.173 Version/12.00""",2020-08-08T22:08:53
9,"190.237.102.59 - - [08/Aug/2020:22:02:58 +0000] ""GET /explore/search HTTP/1.1"" 401 581 ""https://www.may.info/list/author.html"" ""Mozilla/5.0 (compatible; MSIE 6.0; Windows CE; Trident/4.0)""",190.237.102.59,[08/Aug/2020:22:02:58 +0000],"""GET",/explore/search,401,581,"""https://www.may.info/list/author.html""","""Mozilla/5.0 (compatible; MSIE 6.0; Windows CE; Trident/4.0)""",2020-08-08T22:08:53
10,"227.128.240.183 - - [08/Aug/2020:22:03:01 +0000] ""POST /tags/categories HTTP/1.1"" 404 618 ""https://www.humphrey-ramirez.info/posts/terms/"" ""Mozilla/5.0 (compatible; MSIE 9.0; Windows 98; Trident/4.0)""",227.128.240.183,[08/Aug/2020:22:03:01 +0000],"""POST",/tags/categories,404,618,"""https://www.humphrey-ramirez.info/posts/terms/""","""Mozilla/5.0 (compatible; MSIE 9.0; Windows 98; Trident/4.0)""",2020-08-08T22:08:53
11,"65.193.147.31 - - [08/Aug/2020:22:03:02 +0000] ""PUT /list/categories HTTP/1.1"" 401 752 ""https://tucker.net/"" ""Mozilla/5.0 (Macintosh; U; PPC Mac OS X 10_5_0) AppleWebKit/5341 (KHTML, like Gecko) Chrome/13.0.893.0 Safari/5341""",65.193.147.31,[08/Aug/2020:22:03:02 +0000],"""PUT",/list/categories,401,752,"""https://tucker.net/""","""Mozilla/5.0 (Macintosh; U; PPC Mac OS X 10_5_0) AppleWebKit/5341 (KHTML, like Gecko) Chrome/13.0.893.0 Safari/5341""",2020-08-08T22:08:53
12,"20.144.248.25 - - [08/Aug/2020:22:03:03 +0000] ""POST /tags/tags HTTP/1.1"" 200 350 ""http://www.perez-santana.com/author/"" ""Opera/8.19.(X11; Linux i686; sl-SI) Presto/2.9.176 Version/10.00""",20.144.248.25,[08/Aug/2020:22:03:03 +0000],"""POST",/tags/tags,200,350,"""http://www.perez-santana.com/author/""","""Opera/8.19.(X11; Linux i686; sl-SI) Presto/2.9.176 Version/10.00""",2020-08-08T22:08:53
13,"119.9.178.127 - - [08/Aug/2020:22:03:08 +0000] ""POST /explore/blog HTTP/1.1"" 401 87 ""https://alexander-norris.com/search/app/main/terms/"" ""Opera/9.42.(Windows NT 5.1; en-US) Presto/2.9.190 Version/11.00""",119.9.178.127,[08/Aug/2020:22:03:08 +0000],"""POST",/explore/blog,401,87,"""https://alexander-norris.com/search/app/main/terms/""","""Opera/9.42.(Windows NT 5.1; en-US) Presto/2.9.190 Version/11.00""",2020-08-08T22:08:53
14,"83.137.65.36 - - [08/Aug/2020:22:03:10 +0000] ""POST /categories HTTP/1.1"" 401 784 ""http://www.collier.com/"" ""Opera/8.10.(Windows NT 5.01; en-US) Presto/2.9.180 Version/12.00""",83.137.65.36,[08/Aug/2020:22:03:10 +0000],"""POST",/categories,401,784,"""http://www.collier.com/""","""Opera/8.10.(Windows NT 5.01; en-US) Presto/2.9.180 Version/12.00""",2020-08-08T22:08:53
15,"37.50.45.143 - - [08/Aug/2020:22:03:14 +0000] ""GET /posts/posts/tags HTTP/1.1"" 200 430 ""http://www.barrett.com/wp-content/privacy/"" ""Mozilla/5.0 (Windows NT 5.0; en-US; rv:1.9.0.20) Gecko/2016-02-12 05:04:55 Firefox/3.6.19""",37.50.45.143,[08/Aug/2020:22:03:14 +0000],"""GET",/posts/posts/tags,200,430,"""http://www.barrett.com/wp-content/privacy/""","""Mozilla/5.0 (Windows NT 5.0; en-US; rv:1.9.0.20) Gecko/2016-02-12 05:04:55 Firefox/3.6.19""",2020-08-08T22:08:53
16,"104.174.211.227 - - [08/Aug/2020:22:03:16 +0000] ""PUT /list/categories/tags HTTP/1.1"" 401 481 ""http://watts.com/"" ""Mozilla/5.0 (Windows NT 5.1; sl-SI; rv:1.9.1.20) Gecko/2012-02-21 22:15:00 Firefox/4.0""",104.174.211.227,[08/Aug/2020:22:03:16 +0000],"""PUT",/list/categories/tags,401,481,"""http://watts.com/""","""Mozilla/5.0 (Windows NT 5.1; sl-SI; rv:1.9.1.20) Gecko/2012-02-21 22:15:00 Firefox/4.0""",2020-08-08T22:08:53
17,"220.103.16.153 - - [08/Aug/2020:22:03:17 +0000] ""PUT /app HTTP/1.1"" 200 464 ""http://johnson-tanner.biz/"" ""Mozilla/5.0 (Windows NT 6.1) AppleWebKit/5331 (KHTML, like Gecko) Chrome/14.0.854.0 Safari/5331""",220.103.16.153,[08/Aug/2020:22:03:17 +0000],"""PUT",/app,200,464,"""http://johnson-tanner.biz/""","""Mozilla/5.0 (Windows NT 6.1) AppleWebKit/5331 (KHTML, like Gecko) Chrome/14.0.854.0 Safari/5331""",2020-08-08T22:08:53
18,"143.99.225.232 - - [08/Aug/2020:22:03:21 +0000] ""GET /search HTTP/1.1"" 200 704 ""https://www.ramos.net/search.html"" ""Opera/8.64.(X11; Linux x86_64; it-IT) Presto/2.9.179 Version/12.00""",143.99.225.232,[08/Aug/2020:22:03:21 +0000],"""GET",/search,200,704,"""https://www.ramos.net/search.html""","""Opera/8.64.(X11; Linux x86_64; it-IT) Presto/2.9.179 Version/12.00""",2020-08-08T22:08:53
19,"124.78.187.49 - - [08/Aug/2020:22:03:22 +0000] ""GET /main/explore HTTP/1.1"" 200 420 ""https://mcdonald.net/faq/"" ""Mozilla/5.0 (Macintosh; PPC Mac OS X 10_6_0; rv:1.9.2.20) Gecko/2015-01-08 18:00:50 Firefox/3.8""",124.78.187.49,[08/Aug/2020:22:03:22 +0000],"""GET",/main/explore,200,420,"""https://mcdonald.net/faq/""","""Mozilla/5.0 (Macintosh; PPC Mac OS X 10_6_0; rv:1.9.2.20) Gecko/2015-01-08 18:00:50 Firefox/3.8""",2020-08-08T22:08:53
20,"129.94.183.23 - - [08/Aug/2020:22:03:26 +0000] ""GET /blog/tags HTTP/1.1"" 200 471 ""https://mitchell.com/"" ""Mozilla/5.0 (X11; Linux i686; rv:1.9.5.20) Gecko/2013-06-05 02:04:54 Firefox/3.8""",129.94.183.23,[08/Aug/2020:22:03:26 +0000],"""GET",/blog/tags,200,471,"""https://mitchell.com/""","""Mozilla/5.0 (X11; Linux i686; rv:1.9.5.20) Gecko/2013-06-05 02:04:54 Firefox/3.8""",2020-08-08T22:08:53
21,"213.137.210.174 - - [08/Aug/2020:22:03:28 +0000] ""POST /main/category HTTP/1.1"" 401 435 ""https://martinez-hicks.com/"" ""Mozilla/5.0 (Windows 98; it-IT; rv:1.9.2.20) Gecko/2016-08-31 09:06:10 Firefox/4.0""",213.137.210.174,[08/Aug/2020:22:03:28 +0000],"""POST",/main/category,401,435,"""https://martinez-hicks.com/""","""Mozilla/5.0 (Windows 98; it-IT; rv:1.9.2.20) Gecko/2016-08-31 09:06:10 Firefox/4.0""",2020-08-08T22:08:53
22,"48.253.195.243 - - [08/Aug/2020:22:03:32 +0000] ""PUT /category/tags HTTP/1.1"" 404 222 ""http://joseph-johnson.com/category.php"" ""Mozilla/5.0 (Windows CE; en-US; rv:1.9.1.20) Gecko/2019-09-10 05:38:43 Firefox/8.0""",48.253.195.243,[08/Aug/2020:22:03:32 +0000],"""PUT",/category/tags,404,222,"""http://joseph-johnson.com/category.php""","""Mozilla/5.0 (Windows CE; en-US; rv:1.9.1.20) Gecko/2019-09-10 05:38:43 Firefox/8.0""",2020-08-08T22:08:53
23,"90.222.230.249 - - [08/Aug/2020:22:03:34 +0000] ""POST /explore/blog HTTP/1.1"" 404 457 ""https://sanchez.com/main/"" ""Mozilla/5.0 (Windows 95; en-US; rv:1.9.0.20) Gecko/2012-11-08 22:20:13 Firefox/3.8""",90.222.230.249,[08/Aug/2020:22:03:34 +0000],"""POST",/explore/blog,404,457,"""https://sanchez.com/main/""","""Mozilla/5.0 (Windows 95; en-US; rv:1.9.0.20) Gecko/2012-11-08 22:20:13 Firefox/3.8""",2020-08-08T22:08:53
24,"32.226.174.179 - - [08/Aug/2020:22:03:37 +0000] ""POST /main HTTP/1.1"" 401 328 ""https://www.rollins.com/faq.htm"" ""Mozilla/5.0 (compatible; MSIE 9.0; Windows NT 6.1; Trident/3.0)""",32.226.174.179,[08/Aug/2020:22:03:37 +0000],"""POST",/main,401,328,"""https://www.rollins.com/faq.htm""","""Mozilla/5.0 (compatible; MSIE 9.0; Windows NT 6.1; Trident/3.0)""",2020-08-08T22:08:53
25,"218.190.212.108 - - [08/Aug/2020:22:03:40 +0000] ""POST /category HTTP/1.1"" 200 75 ""https://gomez.com/posts/blog/categories/main/"" ""Mozilla/5.0 (compatible; MSIE 5.0; Windows NT 5.0; Trident/5.0)""",218.190.212.108,[08/Aug/2020:22:03:40 +0000],"""POST",/category,200,75,"""https://gomez.com/posts/blog/categories/main/""","""Mozilla/5.0 (compatible; MSIE 5.0; Windows NT 5.0; Trident/5.0)""",2020-08-08T22:08:53
26,"22.6.162.80 - - [08/Aug/2020:22:03:42 +0000] ""GET /list/categories/categories HTTP/1.1"" 401 571 ""https://www.davis.com/register.asp"" ""Mozilla/5.0 (Macintosh; PPC Mac OS X 10_8_7) AppleWebKit/5340 (KHTML, like Gecko) Chrome/15.0.865.0 Safari/5340""",22.6.162.80,[08/Aug/2020:22:03:42 +0000],"""GET",/list/categories/categories,401,571,"""https://www.davis.com/register.asp""","""Mozilla/5.0 (Macintosh; PPC Mac OS X 10_8_7) AppleWebKit/5340 (KHTML, like Gecko) Chrome/15.0.865.0 Safari/5340""",2020-08-08T22:08:53
27,"88.121.245.92 - - [08/Aug/2020:22:03:46 +0000] ""POST /posts/explore HTTP/1.1"" 200 5 ""https://nichols.com/wp-content/register/"" ""Mozilla/5.0 (Macintosh; U; Intel Mac OS X 10_5_4) AppleWebKit/5331 (KHTML, like Gecko) Chrome/14.0.820.0 Safari/5331""",88.121.245.92,[08/Aug/2020:22:03:46 +0000],"""POST",/posts/explore,200,5,"""https://nichols.com/wp-content/register/""","""Mozilla/5.0 (Macintosh; U; Intel Mac OS X 10_5_4) AppleWebKit/5331 (KHTML, like Gecko) Chrome/14.0.820.0 Safari/5331""",2020-08-08T22:08:53
28,"127.223.96.117 - - [08/Aug/2020:22:03:48 +0000] ""GET /main HTTP/1.1"" 404 627 ""http://andrews.com/register/"" ""Opera/9.24.(Windows NT 5.1; it-IT) Presto/2.9.163 Version/12.00""",127.223.96.117,[08/Aug/2020:22:03:48 +0000],"""GET",/main,404,627,"""http://andrews.com/register/""","""Opera/9.24.(Windows NT 5.1; it-IT) Presto/2.9.163 Version/12.00""",2020-08-08T22:08:53
29,"79.210.6.215 - - [08/Aug/2020:22:03:51 +0000] ""PUT /app/posts/search HTTP/1.1"" 404 520 ""http://www.jennings-griffin.com/category/category/categories/login/"" ""Mozilla/5.0 (X11; Linux i686) AppleWebKit/5321 (KHTML, like Gecko) Chrome/13.0.877.0 Safari/5321""",79.210.6.215,[08/Aug/2020:22:03:51 +0000],"""PUT",/app/posts/search,404,520,"""http://www.jennings-griffin.com/category/category/categories/login/""","""Mozilla/5.0 (X11; Linux i686) AppleWebKit/5321 (KHTML, like Gecko) Chrome/13.0.877.0 Safari/5321""",2020-08-08T22:08:53
30,"126.221.133.249 - - [08/Aug/2020:22:03:52 +0000] ""POST /list/blog/categories HTTP/1.1"" 401 293 ""http://www.wiley.com/"" ""Mozilla/5.0 (compatible; MSIE 6.0; Windows NT 5.1; Trident/4.1)""",126.221.133.249,[08/Aug/2020:22:03:52 +0000],"""POST",/list/blog/categories,401,293,"""http://www.wiley.com/""","""Mozilla/5.0 (compatible; MSIE 6.0; Windows NT 5.1; Trident/4.1)""",2020-08-08T22:08:53
31,"157.249.145.152 - - [08/Aug/2020:22:03:56 +0000] ""PUT /categories/posts/blog HTTP/1.1"" 401 151 ""http://www.zimmerman.org/tags/main/explore/search.html"" ""Mozilla/5.0 (Windows; U; Windows CE) AppleWebKit/534.10.5 (KHTML, like Gecko) Version/4.0.1 Safari/534.10.5""",157.249.145.152,[08/Aug/2020:22:03:56 +0000],"""PUT",/categories/posts/blog,401,151,"""http://www.zimmerman.org/tags/main/explore/search.html""","""Mozilla/5.0 (Windows; U; Windows CE) AppleWebKit/534.10.5 (KHTML, like Gecko) Version/4.0.1 Safari/534.10.5""",2020-08-08T22:08:53
32,"121.201.197.153 - - [08/Aug/2020:22:03:57 +0000] ""GET /wp-content HTTP/1.1"" 404 440 ""https://www.brown.com/main.htm"" ""Mozilla/5.0 (iPod; U; CPU iPhone OS 3_2 like Mac OS X; en-US) AppleWebKit/531.33.5 (KHTML, like Gecko) Version/4.0.5 Mobile/8B118 Safari/6531.33.5""",121.201.197.153,[08/Aug/2020:22:03:57 +0000],"""GET",/wp-content,404,440,"""https://www.brown.com/main.htm""","""Mozilla/5.0 (iPod; U; CPU iPhone OS 3_2 like Mac OS X; en-US) AppleWebKit/531.33.5 (KHTML, like Gecko) Version/4.0.5 Mobile/8B118 Safari/6531.33.5""",2020-08-08T22:08:53
33,"231.70.148.135 - - [08/Aug/2020:22:03:58 +0000] ""POST /tag/explore/wp-content HTTP/1.1"" 200 806 ""http://www.castaneda.com/home/"" ""Mozilla/5.0 (Macintosh; PPC Mac OS X 10_5_0) AppleWebKit/5330 (KHTML, like Gecko) Chrome/14.0.856.0 Safari/5330""",231.70.148.135,[08/Aug/2020:22:03:58 +0000],"""POST",/tag/explore/wp-content,200,806,"""http://www.castaneda.com/home/""","""Mozilla/5.0 (Macintosh; PPC Mac OS X 10_5_0) AppleWebKit/5330 (KHTML, like Gecko) Chrome/14.0.856.0 Safari/5330""",2020-08-08T22:08:53
34,"31.175.80.60 - - [08/Aug/2020:22:04:01 +0000] ""GET /app/tags/search HTTP/1.1"" 404 177 ""https://www.harvey-wolfe.com/author/"" ""Mozilla/5.0 (Macintosh; PPC Mac OS X 10_6_2) AppleWebKit/5362 (KHTML, like Gecko) Chrome/15.0.894.0 Safari/5362""",31.175.80.60,[08/Aug/2020:22:04:01 +0000],"""GET",/app/tags/search,404,177,"""https://www.harvey-wolfe.com/author/""","""Mozilla/5.0 (Macintosh; PPC Mac OS X 10_6_2) AppleWebKit/5362 (KHTML, like Gecko) Chrome/15.0.894.0 Safari/5362""",2020-08-08T22:08:53
35,"84.81.195.98 - - [08/Aug/2020:22:04:05 +0000] ""GET /blog/tags/tags HTTP/1.1"" 200 171 ""https://flores.com/privacy.htm"" ""Opera/8.17.(Windows 95; en-US) Presto/2.9.181 Version/10.00""",84.81.195.98,[08/Aug/2020:22:04:05 +0000],"""GET",/blog/tags/tags,200,171,"""https://flores.com/privacy.htm""","""Opera/8.17.(Windows 95; en-US) Presto/2.9.181 Version/10.00""",2020-08-08T22:08:53
36,"254.17.129.151 - - [08/Aug/2020:22:04:08 +0000] ""POST /app/search HTTP/1.1"" 200 704 ""https://wagner-daniel.net/privacy/"" ""Opera/9.75.(Windows NT 6.1; it-IT) Presto/2.9.168 Version/11.00""",254.17.129.151,[08/Aug/2020:22:04:08 +0000],"""POST",/app/search,200,704,"""https://wagner-daniel.net/privacy/""","""Opera/9.75.(Windows NT 6.1; it-IT) Presto/2.9.168 Version/11.00""",2020-08-08T22:08:53
37,"230.129.175.208 - - [08/Aug/2020:22:04:10 +0000] ""PUT /list/tags/explore HTTP/1.1"" 401 313 ""https://wilson.com/faq/"" ""Opera/9.66.(X11; Linux x86_64; it-IT) Presto/2.9.190 Version/11.00""",230.129.175.208,[08/Aug/2020:22:04:10 +0000],"""PUT",/list/tags/explore,401,313,"""https://wilson.com/faq/""","""Opera/9.66.(X11; Linux x86_64; it-IT) Presto/2.9.190 Version/11.00""",2020-08-08T22:08:53
38,"250.238.34.51 - - [08/Aug/2020:22:04:12 +0000] ""PUT /app/search HTTP/1.1"" 200 893 ""https://reyes.com/posts/main/blog/about.asp"" ""Mozilla/5.0 (Windows; U; Windows NT 5.0) AppleWebKit/531.2.5 (KHTML, like Gecko) Version/4.0.4 Safari/531.2.5""",250.238.34.51,[08/Aug/2020:22:04:12 +0000],"""PUT",/app/search,200,893,"""https://reyes.com/posts/main/blog/about.asp""","""Mozilla/5.0 (Windows; U; Windows NT 5.0) AppleWebKit/531.2.5 (KHTML, like Gecko) Version/4.0.4 Safari/531.2.5""",2020-08-08T22:08:53
39,"200.104.122.15 - - [08/Aug/2020:22:04:16 +0000] ""POST /app/app HTTP/1.1"" 404 93 ""http://marshall.com/wp-content/wp-content/about/"" ""Mozilla/5.0 (compatible; MSIE 6.0; Windows NT 6.1; Trident/5.1)""",200.104.122.15,[08/Aug/2020:22:04:16 +0000],"""POST",/app/app,404,93,"""http://marshall.com/wp-content/wp-content/about/""","""Mozilla/5.0 (compatible; MSIE 6.0; Windows NT 6.1; Trident/5.1)""",2020-08-08T22:08:53
40,"96.122.164.55 - - [08/Aug/2020:22:04:19 +0000] ""PUT /categories/list HTTP/1.1"" 200 649 ""https://www.dalton.net/index/"" ""Mozilla/5.0 (Macintosh; U; PPC Mac OS X 10_7_9 rv:6.0; it-IT) AppleWebKit/534.4.2 (KHTML, like Gecko) Version/4.0 Safari/534.4.2""",96.122.164.55,[08/Aug/2020:22:04:19 +0000],"""PUT",/categories/list,200,649,"""https://www.dalton.net/index/""","""Mozilla/5.0 (Macintosh; U; PPC Mac OS X 10_7_9 rv:6.0; it-IT) AppleWebKit/534.4.2 (KHTML, like Gecko) Version/4.0 Safari/534.4.2""",2020-08-08T22:08:53
41,"24.238.80.166 - - [08/Aug/2020:22:04:22 +0000] ""PUT /category/search HTTP/1.1"" 404 907 ""https://mitchell.com/main/"" ""Mozilla/5.0 (Windows; U; Windows NT 5.1) AppleWebKit/532.17.1 (KHTML, like Gecko) Version/4.0.1 Safari/532.17.1""",24.238.80.166,[08/Aug/2020:22:04:22 +0000],"""PUT",/category/search,404,907,"""https://mitchell.com/main/""","""Mozilla/5.0 (Windows; U; Windows NT 5.1) AppleWebKit/532.17.1 (KHTML, like Gecko) Version/4.0.1 Safari/532.17.1""",2020-08-08T22:08:53
42,"96.66.202.155 - - [08/Aug/2020:22:04:24 +0000] ""PUT /search HTTP/1.1"" 401 211 ""http://www.crawford-moore.com/categories/search/"" ""Mozilla/5.0 (Windows; U; Windows NT 5.0) AppleWebKit/532.46.1 (KHTML, like Gecko) Version/4.0.3 Safari/532.46.1""",96.66.202.155,[08/Aug/2020:22:04:24 +0000],"""PUT",/search,401,211,"""http://www.crawford-moore.com/categories/search/""","""Mozilla/5.0 (Windows; U; Windows NT 5.0) AppleWebKit/532.46.1 (KHTML, like Gecko) Version/4.0.3 Safari/532.46.1""",2020-08-08T22:08:53
43,"141.201.132.78 - - [08/Aug/2020:22:04:26 +0000] ""GET /category/category HTTP/1.1"" 401 86 ""https://navarro.info/tags/homepage.html"" ""Mozilla/5.0 (compatible; MSIE 8.0; Windows NT 5.01; Trident/4.1)""",141.201.132.78,[08/Aug/2020:22:04:26 +0000],"""GET",/category/category,401,86,"""https://navarro.info/tags/homepage.html""","""Mozilla/5.0 (compatible; MSIE 8.0; Windows NT 5.01; Trident/4.1)""",2020-08-08T22:08:53
44,"119.242.229.33 - - [08/Aug/2020:22:04:28 +0000] ""GET /list/app/search HTTP/1.1"" 401 388 ""http://randolph.biz/app/category/"" ""Mozilla/5.0 (compatible; MSIE 7.0; Windows NT 6.0; Trident/3.1)""",119.242.229.33,[08/Aug/2020:22:04:28 +0000],"""GET",/list/app/search,401,388,"""http://randolph.biz/app/category/""","""Mozilla/5.0 (compatible; MSIE 7.0; Windows NT 6.0; Trident/3.1)""",2020-08-08T22:08:53
45,"197.24.172.71 - - [08/Aug/2020:22:04:30 +0000] ""PUT /posts/app/list HTTP/1.1"" 401 559 ""http://guzman.com/"" ""Opera/8.82.(Windows NT 5.01; sl-SI) Presto/2.9.178 Version/12.00""",197.24.172.71,[08/Aug/2020:22:04:30 +0000],"""PUT",/posts/app/list,401,559,"""http://guzman.com/""","""Opera/8.82.(Windows NT 5.01; sl-SI) Presto/2.9.178 Version/12.00""",2020-08-08T22:08:53
46,"242.147.188.85 - - [08/Aug/2020:22:04:33 +0000] ""POST /blog HTTP/1.1"" 200 497 ""https://www.roberts.org/"" ""Mozilla/5.0 (iPod; U; CPU iPhone OS 4_0 like Mac OS X; sl-SI) AppleWebKit/532.15.3 (KHTML, like Gecko) Version/4.0.5 Mobile/8B113 Safari/6532.15.3""",242.147.188.85,[08/Aug/2020:22:04:33 +0000],"""POST",/blog,200,497,"""https://www.roberts.org/""","""Mozilla/5.0 (iPod; U; CPU iPhone OS 4_0 like Mac OS X; sl-SI) AppleWebKit/532.15.3 (KHTML, like Gecko) Version/4.0.5 Mobile/8B113 Safari/6532.15.3""",2020-08-08T22:08:53
47,"166.176.202.173 - - [08/Aug/2020:22:04:37 +0000] ""POST /category/main HTTP/1.1"" 401 939 ""http://jones-small.com/about/"" ""Mozilla/5.0 (Windows; U; Windows NT 5.2) AppleWebKit/533.1.6 (KHTML, like Gecko) Version/4.0.1 Safari/533.1.6""",166.176.202.173,[08/Aug/2020:22:04:37 +0000],"""POST",/category/main,401,939,"""http://jones-small.com/about/""","""Mozilla/5.0 (Windows; U; Windows NT 5.2) AppleWebKit/533.1.6 (KHTML, like Gecko) Version/4.0.1 Safari/533.1.6""",2020-08-08T22:08:53
48,"131.165.47.132 - - [08/Aug/2020:22:04:40 +0000] ""PUT /tag/category HTTP/1.1"" 401 889 ""http://mendoza.com/"" ""Opera/9.81.(Windows NT 5.2; en-US) Presto/2.9.178 Version/12.00""",131.165.47.132,[08/Aug/2020:22:04:40 +0000],"""PUT",/tag/category,401,889,"""http://mendoza.com/""","""Opera/9.81.(Windows NT 5.2; en-US) Presto/2.9.178 Version/12.00""",2020-08-08T22:08:53
49,"196.64.171.127 - - [08/Aug/2020:22:04:41 +0000] ""GET /tag/tag HTTP/1.1"" 200 979 ""http://mitchell.biz/"" ""Mozilla/5.0 (compatible; MSIE 6.0; Windows 95; Trident/5.1)""",196.64.171.127,[08/Aug/2020:22:04:41 +0000],"""GET",/tag/tag,200,979,"""http://mitchell.biz/""","""Mozilla/5.0 (compatible; MSIE 6.0; Windows 95; Trident/5.1)""",2020-08-08T22:08:53
50,"197.79.174.252 - - [08/Aug/2020:22:04:45 +0000] ""PUT /tags/list/category HTTP/1.1"" 401 541 ""https://www.hill-washington.com/wp-content/faq.html"" ""Mozilla/5.0 (Windows CE) AppleWebKit/5362 (KHTML, like Gecko) Chrome/15.0.898.0 Safari/5362""",197.79.174.252,[08/Aug/2020:22:04:45 +0000],"""PUT",/tags/list/category,401,541,"""https://www.hill-washington.com/wp-content/faq.html""","""Mozilla/5.0 (Windows CE) AppleWebKit/5362 (KHTML, like Gecko) Chrome/15.0.898.0 Safari/5362""",2020-08-08T22:08:54
51,"56.143.133.146 - - [08/Aug/2020:22:04:47 +0000] ""GET /list/posts HTTP/1.1"" 404 410 ""https://rhodes.com/explore/blog/index/"" ""Mozilla/5.0 (Macintosh; U; Intel Mac OS X 10_7_2; rv:1.9.4.20) Gecko/2016-09-17 01:30:08 Firefox/3.8""",56.143.133.146,[08/Aug/2020:22:04:47 +0000],"""GET",/list/posts,404,410,"""https://rhodes.com/explore/blog/index/""","""Mozilla/5.0 (Macintosh; U; Intel Mac OS X 10_7_2; rv:1.9.4.20) Gecko/2016-09-17 01:30:08 Firefox/3.8""",2020-08-08T22:08:54
52,"27.101.162.170 - - [08/Aug/2020:22:04:49 +0000] ""PUT /category/main HTTP/1.1"" 404 625 ""http://sanchez.com/author/"" ""Opera/9.88.(X11; Linux i686; en-US) Presto/2.9.189 Version/12.00""",27.101.162.170,[08/Aug/2020:22:04:49 +0000],"""PUT",/category/main,404,625,"""http://sanchez.com/author/""","""Opera/9.88.(X11; Linux i686; en-US) Presto/2.9.189 Version/12.00""",2020-08-08T22:08:54
53,"131.234.105.148 - - [08/Aug/2020:22:04:52 +0000] ""PUT /wp-content/app HTTP/1.1"" 200 610 ""https://smith-taylor.net/index/"" ""Mozilla/5.0 (Macintosh; U; Intel Mac OS X 10_7_6) AppleWebKit/5340 (KHTML, like Gecko) Chrome/13.0.862.0 Safari/5340""",131.234.105.148,[08/Aug/2020:22:04:52 +0000],"""PUT",/wp-content/app,200,610,"""https://smith-taylor.net/index/""","""Mozilla/5.0 (Macintosh; U; Intel Mac OS X 10_7_6) AppleWebKit/5340 (KHTML, like Gecko) Chrome/13.0.862.0 Safari/5340""",2020-08-08T22:08:54
54,"96.147.193.213 - - [08/Aug/2020:22:04:56 +0000] ""PUT /app/tags/tags HTTP/1.1"" 404 704 ""http://www.grant-mcclain.net/homepage.htm"" ""Mozilla/5.0 (compatible; MSIE 5.0; Windows NT 6.0; Trident/5.0)""",96.147.193.213,[08/Aug/2020:22:04:56 +0000],"""PUT",/app/tags/tags,404,704,"""http://www.grant-mcclain.net/homepage.htm""","""Mozilla/5.0 (compatible; MSIE 5.0; Windows NT 6.0; Trident/5.0)""",2020-08-08T22:08:54
55,"234.153.80.222 - - [08/Aug/2020:22:04:58 +0000] ""POST /posts HTTP/1.1"" 200 73 ""https://www.lewis.com/explore/search/post.htm"" ""Mozilla/5.0 (Macintosh; PPC Mac OS X 10_8_2) AppleWebKit/5341 (KHTML, like Gecko) Chrome/13.0.883.0 Safari/5341""",234.153.80.222,[08/Aug/2020:22:04:58 +0000],"""POST",/posts,200,73,"""https://www.lewis.com/explore/search/post.htm""","""Mozilla/5.0 (Macintosh; PPC Mac OS X 10_8_2) AppleWebKit/5341 (KHTML, like Gecko) Chrome/13.0.883.0 Safari/5341""",2020-08-08T22:08:54
56,"27.160.23.110 - - [08/Aug/2020:22:04:59 +0000] ""GET /wp-content HTTP/1.1"" 200 907 ""https://rodriguez.net/"" ""Mozilla/5.0 (compatible; MSIE 9.0; Windows NT 6.1; Trident/3.1)""",27.160.23.110,[08/Aug/2020:22:04:59 +0000],"""GET",/wp-content,200,907,"""https://rodriguez.net/""","""Mozilla/5.0 (compatible; MSIE 9.0; Windows NT 6.1; Trident/3.1)""",2020-08-08T22:08:54
57,"195.80.45.97 - - [08/Aug/2020:22:05:00 +0000] ""POST /wp-content HTTP/1.1"" 200 253 ""https://www.nguyen.com/"" ""Mozilla/5.0 (Macintosh; U; Intel Mac OS X 10_8_2; rv:1.9.2.20) Gecko/2017-08-26 19:34:24 Firefox/12.0""",195.80.45.97,[08/Aug/2020:22:05:00 +0000],"""POST",/wp-content,200,253,"""https://www.nguyen.com/""","""Mozilla/5.0 (Macintosh; U; Intel Mac OS X 10_8_2; rv:1.9.2.20) Gecko/2017-08-26 19:34:24 Firefox/12.0""",2020-08-08T22:08:54
58,"3.114.235.63 - - [08/Aug/2020:22:05:02 +0000] ""POST /app HTTP/1.1"" 200 235 ""https://shaw.org/category/posts/register.php"" ""Mozilla/5.0 (Windows NT 4.0; it-IT; rv:1.9.2.20) Gecko/2019-01-25 15:22:30 Firefox/3.8""",3.114.235.63,[08/Aug/2020:22:05:02 +0000],"""POST",/app,200,235,"""https://shaw.org/category/posts/register.php""","""Mozilla/5.0 (Windows NT 4.0; it-IT; rv:1.9.2.20) Gecko/2019-01-25 15:22:30 Firefox/3.8""",2020-08-08T22:08:54
59,"151.17.145.9 - - [08/Aug/2020:22:05:06 +0000] ""PUT /main/wp-content/posts HTTP/1.1"" 200 351 ""http://www.gonzales.com/"" ""Opera/9.26.(Windows 98; Win 9x 4.90; it-IT) Presto/2.9.181 Version/10.00""",151.17.145.9,[08/Aug/2020:22:05:06 +0000],"""PUT",/main/wp-content/posts,200,351,"""http://www.gonzales.com/""","""Opera/9.26.(Windows 98; Win 9x 4.90; it-IT) Presto/2.9.181 Version/10.00""",2020-08-08T22:08:54
60,"206.120.223.183 - - [08/Aug/2020:22:05:09 +0000] ""POST /posts/blog HTTP/1.1"" 200 139 ""https://nguyen-garcia.com/posts/wp-content/categories/home.htm"" ""Mozilla/5.0 (Macintosh; U; Intel Mac OS X 10_5_8 rv:6.0; en-US) AppleWebKit/535.1.7 (KHTML, like Gecko) Version/4.0.1 Safari/535.1.7""",206.120.223.183,[08/Aug/2020:22:05:09 +0000],"""POST",/posts/blog,200,139,"""https://nguyen-garcia.com/posts/wp-content/categories/home.htm""","""Mozilla/5.0 (Macintosh; U; Intel Mac OS X 10_5_8 rv:6.0; en-US) AppleWebKit/535.1.7 (KHTML, like Gecko) Version/4.0.1 Safari/535.1.7""",2020-08-08T22:08:54
61,"255.229.127.192 - - [08/Aug/2020:22:05:13 +0000] ""POST /wp-content/search HTTP/1.1"" 401 321 ""https://www.mason.com/homepage.php"" ""Mozilla/5.0 (Macintosh; U; Intel Mac OS X 10_8_0 rv:2.0; it-IT) AppleWebKit/535.48.1 (KHTML, like Gecko) Version/4.0.5 Safari/535.48.1""",255.229.127.192,[08/Aug/2020:22:05:13 +0000],"""POST",/wp-content/search,401,321,"""https://www.mason.com/homepage.php""","""Mozilla/5.0 (Macintosh; U; Intel Mac OS X 10_8_0 rv:2.0; it-IT) AppleWebKit/535.48.1 (KHTML, like Gecko) Version/4.0.5 Safari/535.48.1""",2020-08-08T22:08:54
62,"202.52.156.194 - - [08/Aug/2020:22:05:14 +0000] ""GET /tags/search/tags HTTP/1.1"" 404 745 ""https://www.smith.net/"" ""Mozilla/5.0 (iPod; U; CPU iPhone OS 4_3 like Mac OS X; it-IT) AppleWebKit/534.45.7 (KHTML, like Gecko) Version/3.0.5 Mobile/8B117 Safari/6534.45.7""",202.52.156.194,[08/Aug/2020:22:05:14 +0000],"""GET",/tags/search/tags,404,745,"""https://www.smith.net/""","""Mozilla/5.0 (iPod; U; CPU iPhone OS 4_3 like Mac OS X; it-IT) AppleWebKit/534.45.7 (KHTML, like Gecko) Version/3.0.5 Mobile/8B117 Safari/6534.45.7""",2020-08-08T22:08:54
63,"230.145.72.110 - - [08/Aug/2020:22:05:15 +0000] ""PUT /wp-content/categories/search HTTP/1.1"" 401 27 ""https://www.hart.com/"" ""Mozilla/5.0 (compatible; MSIE 6.0; Windows NT 5.2; Trident/4.0)""",230.145.72.110,[08/Aug/2020:22:05:15 +0000],"""PUT",/wp-content/categories/search,401,27,"""https://www.hart.com/""","""Mozilla/5.0 (compatible; MSIE 6.0; Windows NT 5.2; Trident/4.0)""",2020-08-08T22:08:54
64,"148.122.104.25 - - [08/Aug/2020:22:05:16 +0000] ""GET /posts HTTP/1.1"" 401 700 ""https://robertson.com/author/"" ""Mozilla/5.0 (Macintosh; U; Intel Mac OS X 10_7_2 rv:3.0; sl-SI) AppleWebKit/532.5.2 (KHTML, like Gecko) Version/4.0 Safari/532.5.2""",148.122.104.25,[08/Aug/2020:22:05:16 +0000],"""GET",/posts,401,700,"""https://robertson.com/author/""","""Mozilla/5.0 (Macintosh; U; Intel Mac OS X 10_7_2 rv:3.0; sl-SI) AppleWebKit/532.5.2 (KHTML, like Gecko) Version/4.0 Safari/532.5.2""",2020-08-08T22:08:54
65,"57.209.5.68 - - [08/Aug/2020:22:05:20 +0000] ""PUT /wp-content/search/tag HTTP/1.1"" 404 511 ""https://bates-mitchell.com/search/app/index.php"" ""Opera/8.26.(X11; Linux i686; sl-SI) Presto/2.9.170 Version/11.00""",57.209.5.68,[08/Aug/2020:22:05:20 +0000],"""PUT",/wp-content/search/tag,404,511,"""https://bates-mitchell.com/search/app/index.php""","""Opera/8.26.(X11; Linux i686; sl-SI) Presto/2.9.170 Version/11.00""",2020-08-08T22:08:54
66,"254.191.112.169 - - [08/Aug/2020:22:05:23 +0000] ""GET /list/search/category HTTP/1.1"" 401 410 ""https://welch-reeves.com/posts/post/"" ""Mozilla/5.0 (Macintosh; PPC Mac OS X 10_5_6 rv:5.0; sl-SI) AppleWebKit/534.43.3 (KHTML, like Gecko) Version/4.0.1 Safari/534.43.3""",254.191.112.169,[08/Aug/2020:22:05:23 +0000],"""GET",/list/search/category,401,410,"""https://welch-reeves.com/posts/post/""","""Mozilla/5.0 (Macintosh; PPC Mac OS X 10_5_6 rv:5.0; sl-SI) AppleWebKit/534.43.3 (KHTML, like Gecko) Version/4.0.1 Safari/534.43.3""",2020-08-08T22:08:54
67,"253.101.70.197 - - [08/Aug/2020:22:05:27 +0000] ""PUT /categories/category/posts HTTP/1.1"" 401 223 ""http://www.burgess.net/login.htm"" ""Mozilla/5.0 (Windows NT 5.2) AppleWebKit/5351 (KHTML, like Gecko) Chrome/15.0.880.0 Safari/5351""",253.101.70.197,[08/Aug/2020:22:05:27 +0000],"""PUT",/categories/category/posts,401,223,"""http://www.burgess.net/login.htm""","""Mozilla/5.0 (Windows NT 5.2) AppleWebKit/5351 (KHTML, like Gecko) Chrome/15.0.880.0 Safari/5351""",2020-08-08T22:08:54
68,"170.180.75.112 - - [08/Aug/2020:22:05:29 +0000] ""POST /list/category HTTP/1.1"" 200 101 ""http://palmer.com/category/categories/wp-content/about/"" ""Mozilla/5.0 (Windows; U; Windows 95) AppleWebKit/533.2.6 (KHTML, like Gecko) Version/4.1 Safari/533.2.6""",170.180.75.112,[08/Aug/2020:22:05:29 +0000],"""POST",/list/category,200,101,"""http://palmer.com/category/categories/wp-content/about/""","""Mozilla/5.0 (Windows; U; Windows 95) AppleWebKit/533.2.6 (KHTML, like Gecko) Version/4.1 Safari/533.2.6""",2020-08-08T22:08:54
69,"244.225.161.237 - - [08/Aug/2020:22:05:31 +0000] ""PUT /posts HTTP/1.1"" 404 148 ""https://www.house-blanchard.com/login/"" ""Mozilla/5.0 (Macintosh; Intel Mac OS X 10_6_5) AppleWebKit/5360 (KHTML, like Gecko) Chrome/13.0.846.0 Safari/5360""",244.225.161.237,[08/Aug/2020:22:05:31 +0000],"""PUT",/posts,404,148,"""https://www.house-blanchard.com/login/""","""Mozilla/5.0 (Macintosh; Intel Mac OS X 10_6_5) AppleWebKit/5360 (KHTML, like Gecko) Chrome/13.0.846.0 Safari/5360""",2020-08-08T22:08:54
70,"151.149.2.110 - - [08/Aug/2020:22:05:34 +0000] ""GET /app/explore/app HTTP/1.1"" 200 264 ""http://rodriguez-rodriguez.com/"" ""Mozilla/5.0 (X11; Linux x86_64; rv:1.9.5.20) Gecko/2018-07-11 05:39:50 Firefox/5.0""",151.149.2.110,[08/Aug/2020:22:05:34 +0000],"""GET",/app/explore/app,200,264,"""http://rodriguez-rodriguez.com/""","""Mozilla/5.0 (X11; Linux x86_64; rv:1.9.5.20) Gecko/2018-07-11 05:39:50 Firefox/5.0""",2020-08-08T22:08:54
71,"253.4.145.134 - - [08/Aug/2020:22:05:35 +0000] ""PUT /app HTTP/1.1"" 200 244 ""https://www.stewart-benson.com/homepage/"" ""Mozilla/5.0 (compatible; MSIE 6.0; Windows NT 6.2; Trident/3.0)""",253.4.145.134,[08/Aug/2020:22:05:35 +0000],"""PUT",/app,200,244,"""https://www.stewart-benson.com/homepage/""","""Mozilla/5.0 (compatible; MSIE 6.0; Windows NT 6.2; Trident/3.0)""",2020-08-08T22:08:54
72,"119.180.46.199 - - [08/Aug/2020:22:05:38 +0000] ""PUT /categories HTTP/1.1"" 404 325 ""http://harding.com/categories/categories/main/home.html"" ""Opera/8.71.(X11; Linux i686; sl-SI) Presto/2.9.161 Version/10.00""",119.180.46.199,[08/Aug/2020:22:05:38 +0000],"""PUT",/categories,404,325,"""http://harding.com/categories/categories/main/home.html""","""Opera/8.71.(X11; Linux i686; sl-SI) Presto/2.9.161 Version/10.00""",2020-08-08T22:08:54
73,"170.55.66.87 - - [08/Aug/2020:22:05:39 +0000] ""GET /app/search HTTP/1.1"" 404 891 ""https://www.henry-simmons.com/"" ""Opera/8.18.(X11; Linux i686; it-IT) Presto/2.9.181 Version/10.00""",170.55.66.87,[08/Aug/2020:22:05:39 +0000],"""GET",/app/search,404,891,"""https://www.henry-simmons.com/""","""Opera/8.18.(X11; Linux i686; it-IT) Presto/2.9.181 Version/10.00""",2020-08-08T22:08:54
74,"63.191.79.215 - - [08/Aug/2020:22:05:40 +0000] ""GET /search HTTP/1.1"" 401 824 ""http://woods-wagner.com/faq.html"" ""Mozilla/5.0 (iPod; U; CPU iPhone OS 3_1 like Mac OS X; it-IT) AppleWebKit/533.38.1 (KHTML, like Gecko) Version/4.0.5 Mobile/8B114 Safari/6533.38.1""",63.191.79.215,[08/Aug/2020:22:05:40 +0000],"""GET",/search,401,824,"""http://woods-wagner.com/faq.html""","""Mozilla/5.0 (iPod; U; CPU iPhone OS 3_1 like Mac OS X; it-IT) AppleWebKit/533.38.1 (KHTML, like Gecko) Version/4.0.5 Mobile/8B114 Safari/6533.38.1""",2020-08-08T22:08:54
75,"8.77.0.53 - - [08/Aug/2020:22:05:43 +0000] ""PUT /tags/explore/tags HTTP/1.1"" 404 733 ""http://www.bell-carpenter.net/wp-content/main/index/"" ""Mozilla/5.0 (Macintosh; U; PPC Mac OS X 10_8_6; rv:1.9.3.20) Gecko/2010-02-28 08:34:51 Firefox/3.6.11""",8.77.0.53,[08/Aug/2020:22:05:43 +0000],"""PUT",/tags/explore/tags,404,733,"""http://www.bell-carpenter.net/wp-content/main/index/""","""Mozilla/5.0 (Macintosh; U; PPC Mac OS X 10_8_6; rv:1.9.3.20) Gecko/2010-02-28 08:34:51 Firefox/3.6.11""",2020-08-08T22:08:54
76,"180.73.228.127 - - [08/Aug/2020:22:05:44 +0000] ""GET /blog/main/main HTTP/1.1"" 401 10 ""http://ellis.com/about/"" ""Mozilla/5.0 (X11; Linux i686) AppleWebKit/5360 (KHTML, like Gecko) Chrome/15.0.836.0 Safari/5360""",180.73.228.127,[08/Aug/2020:22:05:44 +0000],"""GET",/blog/main/main,401,10,"""http://ellis.com/about/""","""Mozilla/5.0 (X11; Linux i686) AppleWebKit/5360 (KHTML, like Gecko) Chrome/15.0.836.0 Safari/5360""",2020-08-08T22:08:54
77,"240.163.160.245 - - [08/Aug/2020:22:05:46 +0000] ""PUT /wp-content HTTP/1.1"" 401 41 ""https://wilson-martinez.com/list/app/search/"" ""Mozilla/5.0 (Windows NT 4.0) AppleWebKit/5350 (KHTML, like Gecko) Chrome/15.0.897.0 Safari/5350""",240.163.160.245,[08/Aug/2020:22:05:46 +0000],"""PUT",/wp-content,401,41,"""https://wilson-martinez.com/list/app/search/""","""Mozilla/5.0 (Windows NT 4.0) AppleWebKit/5350 (KHTML, like Gecko) Chrome/15.0.897.0 Safari/5350""",2020-08-08T22:08:54
78,"35.202.77.9 - - [08/Aug/2020:22:05:47 +0000] ""GET /posts/tags HTTP/1.1"" 401 881 ""http://short-clarke.biz/categories/category/tag/about/"" ""Mozilla/5.0 (X11; Linux i686) AppleWebKit/5331 (KHTML, like Gecko) Chrome/14.0.837.0 Safari/5331""",35.202.77.9,[08/Aug/2020:22:05:47 +0000],"""GET",/posts/tags,401,881,"""http://short-clarke.biz/categories/category/tag/about/""","""Mozilla/5.0 (X11; Linux i686) AppleWebKit/5331 (KHTML, like Gecko) Chrome/14.0.837.0 Safari/5331""",2020-08-08T22:08:54
79,"183.108.60.138 - - [08/Aug/2020:22:05:48 +0000] ""POST /list HTTP/1.1"" 401 920 ""https://www.reed-clark.net/explore/login/"" ""Mozilla/5.0 (Macintosh; U; Intel Mac OS X 10_7_9) AppleWebKit/5351 (KHTML, like Gecko) Chrome/14.0.840.0 Safari/5351""",183.108.60.138,[08/Aug/2020:22:05:48 +0000],"""POST",/list,401,920,"""https://www.reed-clark.net/explore/login/""","""Mozilla/5.0 (Macintosh; U; Intel Mac OS X 10_7_9) AppleWebKit/5351 (KHTML, like Gecko) Chrome/14.0.840.0 Safari/5351""",2020-08-08T22:08:54
80,"216.3.32.150 - - [08/Aug/2020:22:05:53 +0000] ""GET /search/tag HTTP/1.1"" 404 295 ""http://www.blankenship.net/privacy/"" ""Mozilla/5.0 (X11; Linux i686) AppleWebKit/5312 (KHTML, like Gecko) Chrome/13.0.836.0 Safari/5312""",216.3.32.150,[08/Aug/2020:22:05:53 +0000],"""GET",/search/tag,404,295,"""http://www.blankenship.net/privacy/""","""Mozilla/5.0 (X11; Linux i686) AppleWebKit/5312 (KHTML, like Gecko) Chrome/13.0.836.0 Safari/5312""",2020-08-08T22:08:54
81,"61.187.136.107 - - [08/Aug/2020:22:05:57 +0000] ""POST /tags/list/tags HTTP/1.1"" 200 570 ""http://www.reynolds-harrison.org/terms/"" ""Mozilla/5.0 (X11; Linux i686) AppleWebKit/5340 (KHTML, like Gecko) Chrome/14.0.861.0 Safari/5340""",61.187.136.107,[08/Aug/2020:22:05:57 +0000],"""POST",/tags/list/tags,200,570,"""http://www.reynolds-harrison.org/terms/""","""Mozilla/5.0 (X11; Linux i686) AppleWebKit/5340 (KHTML, like Gecko) Chrome/14.0.861.0 Safari/5340""",2020-08-08T22:08:54
82,"32.166.78.99 - - [08/Aug/2020:22:05:59 +0000] ""POST /app HTTP/1.1"" 404 401 ""http://roach.com/blog/explore/home.htm"" ""Mozilla/5.0 (Windows NT 5.2) AppleWebKit/5351 (KHTML, like Gecko) Chrome/15.0.886.0 Safari/5351""",32.166.78.99,[08/Aug/2020:22:05:59 +0000],"""POST",/app,404,401,"""http://roach.com/blog/explore/home.htm""","""Mozilla/5.0 (Windows NT 5.2) AppleWebKit/5351 (KHTML, like Gecko) Chrome/15.0.886.0 Safari/5351""",2020-08-08T22:08:54
83,"16.102.146.5 - - [08/Aug/2020:22:06:03 +0000] ""PUT /blog/wp-content HTTP/1.1"" 401 676 ""https://williams.org/category.php"" ""Mozilla/5.0 (compatible; MSIE 7.0; Windows NT 5.2; Trident/5.0)""",16.102.146.5,[08/Aug/2020:22:06:03 +0000],"""PUT",/blog/wp-content,401,676,"""https://williams.org/category.php""","""Mozilla/5.0 (compatible; MSIE 7.0; Windows NT 5.2; Trident/5.0)""",2020-08-08T22:08:54
84,"224.192.57.236 - - [08/Aug/2020:22:06:04 +0000] ""POST /main/blog HTTP/1.1"" 404 807 ""https://green.com/tags/category/"" ""Mozilla/5.0 (Macintosh; PPC Mac OS X 10_5_6; rv:1.9.4.20) Gecko/2015-10-31 18:27:29 Firefox/9.0""",224.192.57.236,[08/Aug/2020:22:06:04 +0000],"""POST",/main/blog,404,807,"""https://green.com/tags/category/""","""Mozilla/5.0 (Macintosh; PPC Mac OS X 10_5_6; rv:1.9.4.20) Gecko/2015-10-31 18:27:29 Firefox/9.0""",2020-08-08T22:08:54
85,"109.220.24.243 - - [08/Aug/2020:22:06:08 +0000] ""GET /tags HTTP/1.1"" 404 937 ""http://werner-english.biz/posts/tags/app/post.html"" ""Mozilla/5.0 (Windows NT 4.0) AppleWebKit/5351 (KHTML, like Gecko) Chrome/13.0.826.0 Safari/5351""",109.220.24.243,[08/Aug/2020:22:06:08 +0000],"""GET",/tags,404,937,"""http://werner-english.biz/posts/tags/app/post.html""","""Mozilla/5.0 (Windows NT 4.0) AppleWebKit/5351 (KHTML, like Gecko) Chrome/13.0.826.0 Safari/5351""",2020-08-08T22:08:54
86,"183.54.23.77 - - [08/Aug/2020:22:06:11 +0000] ""PUT /category/blog HTTP/1.1"" 404 363 ""http://www.lopez.com/blog/tag/tag/main.htm"" ""Mozilla/5.0 (Windows; U; Windows CE) AppleWebKit/532.17.6 (KHTML, like Gecko) Version/4.0.5 Safari/532.17.6""",183.54.23.77,[08/Aug/2020:22:06:11 +0000],"""PUT",/category/blog,404,363,"""http://www.lopez.com/blog/tag/tag/main.htm""","""Mozilla/5.0 (Windows; U; Windows CE) AppleWebKit/532.17.6 (KHTML, like Gecko) Version/4.0.5 Safari/532.17.6""",2020-08-08T22:08:54
87,"229.130.191.228 - - [08/Aug/2020:22:06:14 +0000] ""POST /explore/wp-content/category HTTP/1.1"" 401 577 ""https://www.cervantes.biz/search/app/login.asp"" ""Opera/8.41.(X11; Linux x86_64; it-IT) Presto/2.9.180 Version/12.00""",229.130.191.228,[08/Aug/2020:22:06:14 +0000],"""POST",/explore/wp-content/category,401,577,"""https://www.cervantes.biz/search/app/login.asp""","""Opera/8.41.(X11; Linux x86_64; it-IT) Presto/2.9.180 Version/12.00""",2020-08-08T22:08:54
88,"123.86.184.58 - - [08/Aug/2020:22:06:18 +0000] ""PUT /tag/categories/blog HTTP/1.1"" 200 232 ""https://reynolds-combs.org/"" ""Mozilla/5.0 (X11; Linux x86_64) AppleWebKit/5352 (KHTML, like Gecko) Chrome/14.0.885.0 Safari/5352""",123.86.184.58,[08/Aug/2020:22:06:18 +0000],"""PUT",/tag/categories/blog,200,232,"""https://reynolds-combs.org/""","""Mozilla/5.0 (X11; Linux x86_64) AppleWebKit/5352 (KHTML, like Gecko) Chrome/14.0.885.0 Safari/5352""",2020-08-08T22:08:54
89,"104.115.91.111 - - [08/Aug/2020:22:06:21 +0000] ""PUT /explore/category/search HTTP/1.1"" 401 319 ""http://flynn-montgomery.com/"" ""Mozilla/5.0 (Macintosh; Intel Mac OS X 10_8_3 rv:6.0; sl-SI) AppleWebKit/531.7.7 (KHTML, like Gecko) Version/4.0.3 Safari/531.7.7""",104.115.91.111,[08/Aug/2020:22:06:21 +0000],"""PUT",/explore/category/search,401,319,"""http://flynn-montgomery.com/""","""Mozilla/5.0 (Macintosh; Intel Mac OS X 10_8_3 rv:6.0; sl-SI) AppleWebKit/531.7.7 (KHTML, like Gecko) Version/4.0.3 Safari/531.7.7""",2020-08-08T22:08:54
90,"58.39.93.230 - - [08/Aug/2020:22:06:25 +0000] ""GET /wp-content/main/category HTTP/1.1"" 401 624 ""http://www.jones-perez.net/"" ""Mozilla/5.0 (Macintosh; U; PPC Mac OS X 10_7_7) AppleWebKit/5352 (KHTML, like Gecko) Chrome/13.0.882.0 Safari/5352""",58.39.93.230,[08/Aug/2020:22:06:25 +0000],"""GET",/wp-content/main/category,401,624,"""http://www.jones-perez.net/""","""Mozilla/5.0 (Macintosh; U; PPC Mac OS X 10_7_7) AppleWebKit/5352 (KHTML, like Gecko) Chrome/13.0.882.0 Safari/5352""",2020-08-08T22:08:54
91,"113.254.50.71 - - [08/Aug/2020:22:06:29 +0000] ""GET /categories/tags/blog HTTP/1.1"" 404 763 ""http://woods-herman.org/index.php"" ""Mozilla/5.0 (compatible; MSIE 7.0; Windows NT 5.2; Trident/3.1)""",113.254.50.71,[08/Aug/2020:22:06:29 +0000],"""GET",/categories/tags/blog,404,763,"""http://woods-herman.org/index.php""","""Mozilla/5.0 (compatible; MSIE 7.0; Windows NT 5.2; Trident/3.1)""",2020-08-08T22:08:54
92,"169.130.236.221 - - [08/Aug/2020:22:06:30 +0000] ""POST /posts/blog HTTP/1.1"" 404 624 ""https://ramirez-jones.org/main.htm"" ""Mozilla/5.0 (Windows 98; Win 9x 4.90; sl-SI; rv:1.9.0.20) Gecko/2015-02-17 01:35:38 Firefox/3.6.12""",169.130.236.221,[08/Aug/2020:22:06:30 +0000],"""POST",/posts/blog,404,624,"""https://ramirez-jones.org/main.htm""","""Mozilla/5.0 (Windows 98; Win 9x 4.90; sl-SI; rv:1.9.0.20) Gecko/2015-02-17 01:35:38 Firefox/3.6.12""",2020-08-08T22:08:54
93,"128.127.83.94 - - [08/Aug/2020:22:06:31 +0000] ""POST /main/search HTTP/1.1"" 200 351 ""https://www.sandoval.biz/privacy/"" ""Mozilla/5.0 (Windows NT 5.2) AppleWebKit/5362 (KHTML, like Gecko) Chrome/15.0.803.0 Safari/5362""",128.127.83.94,[08/Aug/2020:22:06:31 +0000],"""POST",/main/search,200,351,"""https://www.sandoval.biz/privacy/""","""Mozilla/5.0 (Windows NT 5.2) AppleWebKit/5362 (KHTML, like Gecko) Chrome/15.0.803.0 Safari/5362""",2020-08-08T22:08:54
94,"210.39.7.210 - - [08/Aug/2020:22:06:33 +0000] ""PUT /categories/app/search HTTP/1.1"" 404 12 ""http://www.smith.net/"" ""Mozilla/5.0 (Macintosh; U; PPC Mac OS X 10_8_7 rv:6.0; sl-SI) AppleWebKit/533.41.5 (KHTML, like Gecko) Version/4.0.3 Safari/533.41.5""",210.39.7.210,[08/Aug/2020:22:06:33 +0000],"""PUT",/categories/app/search,404,12,"""http://www.smith.net/""","""Mozilla/5.0 (Macintosh; U; PPC Mac OS X 10_8_7 rv:6.0; sl-SI) AppleWebKit/533.41.5 (KHTML, like Gecko) Version/4.0.3 Safari/533.41.5""",2020-08-08T22:08:54
95,"48.215.234.251 - - [08/Aug/2020:22:06:36 +0000] ""POST /posts HTTP/1.1"" 200 253 ""https://www.malone.com/explore/post.php"" ""Opera/9.93.(X11; Linux x86_64; en-US) Presto/2.9.172 Version/10.00""",48.215.234.251,[08/Aug/2020:22:06:36 +0000],"""POST",/posts,200,253,"""https://www.malone.com/explore/post.php""","""Opera/9.93.(X11; Linux x86_64; en-US) Presto/2.9.172 Version/10.00""",2020-08-08T22:08:54
96,"37.184.139.42 - - [08/Aug/2020:22:06:38 +0000] ""GET /app/search HTTP/1.1"" 404 202 ""http://robinson.com/register/"" ""Mozilla/5.0 (Macintosh; U; Intel Mac OS X 10_5_9; rv:1.9.6.20) Gecko/2020-04-06 17:32:50 Firefox/13.0""",37.184.139.42,[08/Aug/2020:22:06:38 +0000],"""GET",/app/search,404,202,"""http://robinson.com/register/""","""Mozilla/5.0 (Macintosh; U; Intel Mac OS X 10_5_9; rv:1.9.6.20) Gecko/2020-04-06 17:32:50 Firefox/13.0""",2020-08-08T22:08:54
97,"217.24.195.150 - - [08/Aug/2020:22:06:39 +0000] ""GET /blog HTTP/1.1"" 404 990 ""https://washington-kim.net/posts/categories/search/post/"" ""Mozilla/5.0 (Windows 98; Win 9x 4.90) AppleWebKit/5320 (KHTML, like Gecko) Chrome/14.0.823.0 Safari/5320""",217.24.195.150,[08/Aug/2020:22:06:39 +0000],"""GET",/blog,404,990,"""https://washington-kim.net/posts/categories/search/post/""","""Mozilla/5.0 (Windows 98; Win 9x 4.90) AppleWebKit/5320 (KHTML, like Gecko) Chrome/14.0.823.0 Safari/5320""",2020-08-08T22:08:54
98,"142.119.197.62 - - [08/Aug/2020:22:06:40 +0000] ""GET /list HTTP/1.1"" 401 614 ""https://www.burnett.org/main.php"" ""Mozilla/5.0 (compatible; MSIE 8.0; Windows NT 6.0; Trident/3.1)""",142.119.197.62,[08/Aug/2020:22:06:40 +0000],"""GET",/list,401,614,"""https://www.burnett.org/main.php""","""Mozilla/5.0 (compatible; MSIE 8.0; Windows NT 6.0; Trident/3.1)""",2020-08-08T22:08:54
99,"27.124.62.86 - - [08/Aug/2020:22:06:44 +0000] ""GET /list HTTP/1.1"" 404 51 ""https://www.nguyen.com/terms/"" ""Mozilla/5.0 (Macintosh; U; PPC Mac OS X 10_7_5 rv:4.0; en-US) AppleWebKit/535.38.3 (KHTML, like Gecko) Version/5.0 Safari/535.38.3""",27.124.62.86,[08/Aug/2020:22:06:44 +0000],"""GET",/list,404,51,"""https://www.nguyen.com/terms/""","""Mozilla/5.0 (Macintosh; U; PPC Mac OS X 10_7_5 rv:4.0; en-US) AppleWebKit/535.38.3 (KHTML, like Gecko) Version/5.0 Safari/535.38.3""",2020-08-08T22:08:54
